"'Area: Nothing :('","0","filler","Area","Nothing :("
"'Area: Ocean Chunk (46S 12W)'","1","progression","Area","3883"
"'Area: Ocean Chunk (46S 10W)'","1","progression","Area","3884"
"'Area: Ocean Chunk (46S 8W)'","1","progression","Area","3885"
"'Area: Ocean Chunk (46S 6W)'","1","progression","Area","3886"
"'Area: Ocean Chunk (44S 14W)'","1","progression","Area","4138"
"'Area: Ocean Chunk (44S 12W)'","1","progression","Area","4139"
"'Area: Ocean Chunk (44S 10W)'","1","progression","Area","4140"
"'Area: Ocean Chunk (44S 8W)'","1","progression","Area","4141"
"'Area: Ocean Chunk (44S 6W)'","1","progression","Area","4142"
"'Area: Ocean Chunk (42S 16W)'","1","progression","Area","4393"
"'Area: Ocean Chunk (42S 14W)'","1","progression","Area","4394"
"'Area: Laguna Western Shore'","1","progression","Area","4395"
"'Area: Ocean Chunk (42S 10W)'","1","progression","Area","4396"
"'Area: Ocean Chunk (42S 8W)'","1","progression","Area","4397"
"'Area: Ocean Chunk (42S 6W)'","1","progression","Area","4398"
"'Area: Stranglewood Southwest Corner'","1","progression","Area","4403"
"'Area: Stranglewood Bridges'","1","progression","Area","4404"
"'Area: Stranglewood Ritual Site'","1","progression","Area","4405"
"'Area: Ocean Chunk (40S 18W)'","1","progression","Area","4648"
"'Area: Ocean Chunk (40S 16W)'","1","progression","Area","4649"
"'Area: Laguna South Shore'","1","progression","Area","4650"
"'Area: Laguna Aurorae Main'","1","progression","Area","4651"
"'Area: Ocean Chunk (40S 10W)'","1","progression","Area","4652"
"'Area: Ocean Chunk (40S 8W)'","1","progression","Area","4653"
"'Area: Ocean Chunk (40S 6W)'","1","progression","Area","4654"
"'Area: Tal Teklan Dock'","1","progression","Area","4656"
"'Area: Stranglewood Mine'","1","progression","Area","4659"
"'Area: Stranglewood River Main'","1","progression","Area","4660"
"'Area: Stranglewood Temple'","1","progression","Area","4661"
"'Area: West Quidamortem Path'","1","progression","Area","4662"
"'Area: Quidamortem Cave'","1","progression","Area","4663"
"'Area: Ket\'sal K\'uk'","1","progression","Area","4664"
"'Area: Kebos Mine'","1","progression","Area","4665"
"'Area: Kebos West Shore'","1","progression","Area","4666"
"'Area: Kebos Northwest Shore'","1","progression","Area","4667"
"'Area: '","1","progression","Area","4763"
"'Area: Ocean Chunk (38S 20W)'","1","progression","Area","4903"
"'Area: Ocean Chunk (38S 18W)'","1","progression","Area","4904"
"'Area: Ocean Chunk (38S 16W)'","1","progression","Area","4905"
"'Area: Ocean Chunk (38S 14W)'","1","progression","Area","4906"
"'Area: Laguna Eastern Shore'","1","progression","Area","4907"
"'Area: Ocean Chunk (38S 10W)'","1","progression","Area","4908"
"'Area: Ocean Chunk (38S 8W)'","1","progression","Area","4909"
"'Area: Tlati Picnic Pond'","1","progression","Area","4910"
"'Area: Southwest Gemstone Lair'","1","progression","Area","4911"
"'Area: Tal Teklan'","1","progression","Area","4912"
"'Area: Tal Teok'","1","progression","Area","4913"
"'Area: Northwest Tempestus'","1","progression","Area","4915"
"'Area: Custodia Pass Path'","1","progression","Area","4916"
"'Area: Custodia Mountains Lake'","1","progression","Area","4917"
"'Area: Quidamortem Path'","1","progression","Area","4918"
"'Area: Mount Quidamortem'","1","progression","Area","4919"
"'Area: Kebos Swamp'","1","progression","Area","4920"
"'Area: River Molch'","1","progression","Area","4921"
"'Area: Farming Guild'","1","progression","Area","4922"
"'Area: West Mount Karuulm'","1","progression","Area","4923"
"'Area: Ocean Chunk (36S 20W)'","1","progression","Area","5159"
"'Area: Ocean Chunk (36S 18W)'","1","progression","Area","5160"
"'Area: Ocean Chunk (36S 16W)'","1","progression","Area","5161"
"'Area: Ocean Chunk (36S 14W)'","1","progression","Area","5162"
"'Area: Ocean Chunk (36S 12W)'","1","progression","Area","5163"
"'Area: Ocean Chunk (36S 10W)'","1","progression","Area","5164"
"'Area: Darkmoon Ravine'","1","progression","Area","5165"
"'Area: Aldarin Coastal Magics'","1","progression","Area","5166"
"'Area: Tonali Crypt Entrance'","1","progression","Area","5167"
"'Area: Central Tlati Rainforest'","1","progression","Area","5168"
"'Area: Rainforest River Crossing'","1","progression","Area","5169"
"'Area: Northeast Tempestus'","1","progression","Area","5171"
"'Area: Custodia Pass Bridge'","1","progression","Area","5172"
"'Area: Custodia Pass Mines'","1","progression","Area","5173"
"'Area: Settlement Path'","1","progression","Area","5174"
"'Area: Lizardman Settlement'","1","progression","Area","5175"
"'Area: Xeric\'s Shrine'","1","progression","Area","5176"
"'Area: Molch'","1","progression","Area","5177"
"'Area: Keith\'s House'","1","progression","Area","5178"
"'Area: Mount Karuulm'","1","progression","Area","5179"
"'Area: North Mount Karuulm'","1","progression","Area","5180"
"'Area: Ocean Chunk (34S 20W)'","1","progression","Area","5415"
"'Area: Ocean Chunk (34S 18W)'","1","progression","Area","5416"
"'Area: Ocean Chunk (34S 16W)'","1","progression","Area","5417"
"'Area: Ocean Chunk (34S 14W)'","1","progression","Area","5418"
"'Area: Ocean Chunk (34S 12W)'","1","progression","Area","5419"
"'Area: Mistrock Center'","1","progression","Area","5420"
"'Area: Moonrise Alchemical Headquarters'","1","progression","Area","5421"
"'Area: Aldarin Mansions North'","1","progression","Area","5422"
"'Area: Kastori'","1","progression","Area","5423"
"'Area: River Varla Fork'","1","progression","Area","5424"
"'Area: Varla Magic Grove'","1","progression","Area","5425"
"'Area: Gloomthorn Trail'","1","progression","Area","5426"
"'Area: Nemus Retreat'","1","progression","Area","5427"
"'Area: Auburnvale West'","1","progression","Area","5428"
"'Area: Auburnvale Coast'","1","progression","Area","5429"
"'Area: Lacerta Falls'","1","progression","Area","5430"
"'Area: Shayziens\' Wall'","1","progression","Area","5431"
"'Area: Molch Island'","1","progression","Area","5432"
"'Area: Battlefront Dock'","1","progression","Area","5433"
"'Area: Battlefront'","1","progression","Area","5434"
"'Area: The Forsaken Tower'","1","progression","Area","5435"
"'Area: Ocean Chunk (32S 20W)'","1","progression","Area","5671"
"'Area: Ocean Chunk (32S 18W)'","1","progression","Area","5672"
"'Area: Ocean Chunk (32S 16W)'","1","progression","Area","5673"
"'Area: Ocean Chunk (32S 14W)'","1","progression","Area","5674"
"'Area: Ocean Chunk (32S 12W)'","1","progression","Area","5675"
"'Area: Mistrock Cove'","1","progression","Area","5676"
"'Area: Villa Lucens'","1","progression","Area","5677"
"'Area: Aldarin Docks'","1","progression","Area","5678"
"'Area: Black Jaguar Peninsula'","1","progression","Area","5679"
"'Area: Cam Torum Entrance'","1","progression","Area","5680"
"'Area: Ralos\' Rise'","1","progression","Area","5681"
"'Area: Mons Gratia'","1","progression","Area","5682"
"'Area: Auburn Valley Stump'","1","progression","Area","5683"
"'Area: Auburnvale East'","1","progression","Area","5684"
"'Area: Ocean Chunk (32S 8E)'","1","progression","Area","5685"
"'Area: Ruins of Morra'","1","progression","Area","5686"
"'Area: Shayziens\' Gate'","1","progression","Area","5687"
"'Area: Shayzien Dock'","1","progression","Area","5688"
"'Area: Fiery Chasm Entrance'","1","progression","Area","5689"
"'Area: West Lovakengj'","1","progression","Area","5690"
"'Area: Lovakite Mine'","1","progression","Area","5691"
"'Area: Sulphur Mine'","1","progression","Area","5692"
"'Area: Ocean Chunk (30S 20W)'","1","progression","Area","5927"
"'Area: Ocean Chunk (30S 18W)'","1","progression","Area","5928"
"'Area: Ocean Chunk (30S 16W)'","1","progression","Area","5929"
"'Area: Ocean Chunk (30S 14W)'","1","progression","Area","5930"
"'Area: Ocean Chunk (30S 12W)'","1","progression","Area","5931"
"'Area: Ocean Chunk (30S 10W)'","1","progression","Area","5932"
"'Area: Villa Lucens Theatre'","1","progression","Area","5933"
"'Area: Sunset Coast'","1","progression","Area","5934"
"'Area: Hunter Guild Backyard'","1","progression","Area","5935"
"'Area: Cam Torum Path'","1","progression","Area","5936"
"'Area: Varlamore Pyramid'","1","progression","Area","5937"
"'Area: Quetzacalli Gorge'","1","progression","Area","5938"
"'Area: Darkfrost Peak'","1","progression","Area","5939"
"'Area: Auburn Valley Path'","1","progression","Area","5940"
"'Area: Land\'s End'","1","progression","Area","5941"
"'Area: West Kourend Woodland'","1","progression","Area","5942"
"'Area: Graveyard of Heroes'","1","progression","Area","5943"
"'Area: South Shayzien Encampment'","1","progression","Area","5944"
"'Area: North Shayzien Encampment'","1","progression","Area","5945"
"'Area: Lovakengj Assembly'","1","progression","Area","5946"
"'Area: Lovakite Furnace'","1","progression","Area","5947"
"'Area: Blast Mine'","1","progression","Area","5948"
"'Area: Settlement Ruins Corner'","1","progression","Area","5949"
"'Area: Ocean Chunk (28S 22W)'","1","progression","Area","6182"
"'Area: Ocean Chunk (28S 20W)'","1","progression","Area","6183"
"'Area: Ocean Chunk (28S 18W)'","1","progression","Area","6184"
"'Area: Ocean Chunk (28S 16W)'","1","progression","Area","6185"
"'Area: Ocean Chunk (28S 14W)'","1","progression","Area","6186"
"'Area: Shimmering Atoll'","1","progression","Area","6187"
"'Area: Ocean Chunk (28S 10W)'","1","progression","Area","6188"
"'Area: West Wyrm Coast'","1","progression","Area","6189"
"'Area: Sunset Fishing Cove'","1","progression","Area","6190"
"'Area: Hunter Guild'","1","progression","Area","6191"
"'Area: Ortus Farm'","1","progression","Area","6192"
"'Area: Fortis Aqueduct'","1","progression","Area","6193"
"'Area: The Proudspire'","1","progression","Area","6194"
"'Area: Shipwreck Cove'","1","progression","Area","6195"
"'Area: Shipwreck Cove Coast'","1","progression","Area","6196"
"'Area: South Kourend Woodland'","1","progression","Area","6197"
"'Area: West Woodcutting Guild'","1","progression","Area","6198"
"'Area: Shayzien Town Center'","1","progression","Area","6199"
"'Area: Combat Ring'","1","progression","Area","6200"
"'Area: Kourend Castle Rear'","1","progression","Area","6201"
"'Area: The Deeper Lode'","1","progression","Area","6202"
"'Area: Tower of Magic'","1","progression","Area","6203"
"'Area: Settlement Ruins'","1","progression","Area","6204"
"'Area: Unmarked Grave'","1","progression","Area","6205"
"'Area: Ocean Chunk (26S 34W)'","1","progression","Area","6432"
"'Area: Ocean Chunk (26S 32W)'","1","progression","Area","6433"
"'Area: Ocean Chunk (26S 30W)'","1","progression","Area","6434"
"'Area: Ocean Chunk (26S 28W)'","1","progression","Area","6435"
"'Area: Ocean Chunk (26S 26W)'","1","progression","Area","6436"
"'Area: Ocean Chunk (26S 24W)'","1","progression","Area","6437"
"'Area: Ocean Chunk (26S 22W)'","1","progression","Area","6438"
"'Area: Ocean Chunk (26S 20W)'","1","progression","Area","6439"
"'Area: Ocean Chunk (26S 18W)'","1","progression","Area","6440"
"'Area: Ocean Chunk (26S 16W)'","1","progression","Area","6441"
"'Area: Ocean Chunk (26S 14W)'","1","progression","Area","6442"
"'Area: Ocean Chunk (26S 12W)'","1","progression","Area","6443"
"'Area: Ocean Chunk (26S 10W)'","1","progression","Area","6444"
"'Area: Colossal Wyrm Remains'","1","progression","Area","6445"
"'Area: Avium Savannah South'","1","progression","Area","6446"
"'Area: Avium Savannah North'","1","progression","Area","6447"
"'Area: Fortis Wealthy District'","1","progression","Area","6448"
"'Area: Kualti Headquarters'","1","progression","Area","6449"
"'Area: Twilight Trialist Tower'","1","progression","Area","6450"
"'Area: Salvager Overlook'","1","progression","Area","6451"
"'Area: Ocean Chunk (26S 6E)'","1","progression","Area","6452"
"'Area: Crabclaw Caves'","1","progression","Area","6453"
"'Area: East Woodcutting Guild'","1","progression","Area","6454"
"'Area: Watson\'s House'","1","progression","Area","6455"
"'Area: Mess'","1","progression","Area","6456"
"'Area: Kourend Castle'","1","progression","Area","6457"
"'Area: West Arceuus'","1","progression","Area","6458"
"'Area: Arceuus Library'","1","progression","Area","6459"
"'Area: North Arceuus Path'","1","progression","Area","6460"
"'Area: Wintertodt Camp'","1","progression","Area","6461"
"'Area: Wintertodt'","1","progression","Area","6462"
"'Area: Ocean Chunk (24S 34W)'","1","progression","Area","6688"
"'Area: Ocean Chunk (24S 32W)'","1","progression","Area","6689"
"'Area: Ocean Chunk (24S 30W)'","1","progression","Area","6690"
"'Area: Ocean Chunk (24S 28W)'","1","progression","Area","6691"
"'Area: Ocean Chunk (24S 26W)'","1","progression","Area","6692"
"'Area: Ocean Chunk (24S 24W)'","1","progression","Area","6693"
"'Area: Ocean Chunk (24S 22W)'","1","progression","Area","6694"
"'Area: Ocean Chunk (24S 20W)'","1","progression","Area","6695"
"'Area: Ocean Chunk (24S 18W)'","1","progression","Area","6696"
"'Area: Ocean Chunk (24S 16W)'","1","progression","Area","6697"
"'Area: Ocean Chunk (24S 14W)'","1","progression","Area","6698"
"'Area: Ocean Chunk (24S 12W)'","1","progression","Area","6699"
"'Area: Ocean Chunk (24S 10W)'","1","progression","Area","6700"
"'Area: South Varlamore Coast'","1","progression","Area","6701"
"'Area: Locus Oasis'","1","progression","Area","6702"
"'Area: Outer Fortis Farms'","1","progression","Area","6703"
"'Area: Fortis Bazaar'","1","progression","Area","6704"
"'Area: Sunrise Palace'","1","progression","Area","6705"
"'Area: Twilight Temple'","1","progression","Area","6706"
"'Area: Twilight Temple North'","1","progression","Area","6707"
"'Area: Ocean Chunk (24S 6E)'","1","progression","Area","6708"
"'Area: Charcoal Burners Dock'","1","progression","Area","6709"
"'Area: Charcoal Burners'","1","progression","Area","6710"
"'Area: Forthos Ruin'","1","progression","Area","6711"
"'Area: Hosidius Kitchen'","1","progression","Area","6712"
"'Area: Kingstown'","1","progression","Area","6713"
"'Area: East Arceuus'","1","progression","Area","6714"
"'Area: Blood Altar'","1","progression","Area","6715"
"'Area: Dark Altar'","1","progression","Area","6716"
"'Area: Fishing Hamlet'","1","progression","Area","6717"
"'Area: Ocean Chunk (22S 34W)'","1","progression","Area","6944"
"'Area: Ocean Chunk (22S 32W)'","1","progression","Area","6945"
"'Area: Ocean Chunk (22S 30W)'","1","progression","Area","6946"
"'Area: Ocean Chunk (22S 28W)'","1","progression","Area","6947"
"'Area: Ocean Chunk (22S 26W)'","1","progression","Area","6948"
"'Area: Ocean Chunk (22S 24W)'","1","progression","Area","6949"
"'Area: Ocean Chunk (22S 22W)'","1","progression","Area","6950"
"'Area: Ocean Chunk (22S 20W)'","1","progression","Area","6951"
"'Area: Ocean Chunk (22S 18W)'","1","progression","Area","6952"
"'Area: The Crown Jewel'","1","progression","Area","6953"
"'Area: Ocean Chunk (22S 14W)'","1","progression","Area","6954"
"'Area: Ocean Chunk (22S 12W)'","1","progression","Area","6955"
"'Area: Ocean Chunk (22S 10W)'","1","progression","Area","6956"
"'Area: Stonecutter Church'","1","progression","Area","6957"
"'Area: Stonecutter Outpost'","1","progression","Area","6958"
"'Area: Outer Fortis Docks'","1","progression","Area","6959"
"'Area: Fortis East'","1","progression","Area","6960"
"'Area: Fortis Cothon'","1","progression","Area","6961"
"'Area: Ocean Chunk (22S 2E)'","1","progression","Area","6962"
"'Area: Ocean Chunk (22S 4E)'","1","progression","Area","6963"
"'Area: Ocean Chunk (22S 6E)'","1","progression","Area","6964"
"'Area: Crabclaw Isle'","1","progression","Area","6965"
"'Area: Monk Camping Site'","1","progression","Area","6966"
"'Area: Hosidius Fields'","1","progression","Area","6967"
"'Area: Hosidius Square'","1","progression","Area","6968"
"'Area: Piscarilius Station'","1","progression","Area","6969"
"'Area: West Piscarilius'","1","progression","Area","6970"
"'Area: Blood River'","1","progression","Area","6971"
"'Area: Arceuus Essence Mine'","1","progression","Area","6972"
"'Area: Nova Chunk'","1","progression","Area","6973"
"'Area: Ocean Chunk (22S 26E)'","1","progression","Area","6974"
"'Area: Ocean Chunk (22S 28E)'","1","progression","Area","6975"
"'Area: Ocean Chunk (22S 30E)'","1","progression","Area","6976"
"'Area: Ocean Chunk (22S 32E)'","1","progression","Area","6977"
"'Area: Ocean Chunk (20S 34W)'","1","progression","Area","7200"
"'Area: Ocean Chunk (20S 32W)'","1","progression","Area","7201"
"'Area: Ocean Chunk (20S 30W)'","1","progression","Area","7202"
"'Area: Ocean Chunk (20S 28W)'","1","progression","Area","7203"
"'Area: Ocean Chunk (20S 26W)'","1","progression","Area","7204"
"'Area: Ocean Chunk (20S 24W)'","1","progression","Area","7205"
"'Area: Ocean Chunk (20S 22W)'","1","progression","Area","7206"
"'Area: Ocean Chunk (20S 20W)'","1","progression","Area","7207"
"'Area: Ocean Chunk (20S 18W)'","1","progression","Area","7208"
"'Area: Ocean Chunk (20S 16W)'","1","progression","Area","7209"
"'Area: Ocean Chunk (20S 14W)'","1","progression","Area","7210"
"'Area: Ocean Chunk (20S 12W)'","1","progression","Area","7211"
"'Area: Ocean Chunk (20S 10W)'","1","progression","Area","7212"
"'Area: Ocean Chunk (20S 8W)'","1","progression","Area","7213"
"'Area: Ocean Chunk (20S 6W)'","1","progression","Area","7214"
"'Area: Colosseum South Shore'","1","progression","Area","7215"
"'Area: Fortis Colosseum'","1","progression","Area","7216"
"'Area: Colosseum North Shore'","1","progression","Area","7217"
"'Area: Ocean Chunk (20S 2E)'","1","progression","Area","7218"
"'Area: Ocean Chunk (20S 4E)'","1","progression","Area","7219"
"'Area: Ocean Chunk (20S 6E)'","1","progression","Area","7220"
"'Area: South Sand Crabs'","1","progression","Area","7221"
"'Area: Tithe Farm'","1","progression","Area","7222"
"'Area: Vinery'","1","progression","Area","7223"
"'Area: Hosidius Peninsula'","1","progression","Area","7224"
"'Area: Port Piscarilius'","1","progression","Area","7225"
"'Area: Piscarilius Foodhall'","1","progression","Area","7226"
"'Area: Piscarilius Bank'","1","progression","Area","7227"
"'Area: Soul Altar'","1","progression","Area","7228"
"'Area: Ocean Chunk (20S 24E)'","1","progression","Area","7229"
"'Area: Ocean Chunk (20S 26E)'","1","progression","Area","7230"
"'Area: Ocean Chunk (20S 28E)'","1","progression","Area","7231"
"'Area: Ocean Chunk (20S 30E)'","1","progression","Area","7232"
"'Area: Ocean Chunk (20S 32E)'","1","progression","Area","7233"
"'Area: Ocean Chunk (18S 34W)'","1","progression","Area","7456"
"'Area: Ocean Chunk (18S 32W)'","1","progression","Area","7457"
"'Area: Ocean Chunk (18S 30W)'","1","progression","Area","7458"
"'Area: Ocean Chunk (18S 28W)'","1","progression","Area","7459"
"'Area: Ocean Chunk (18S 26W)'","1","progression","Area","7460"
"'Area: Ocean Chunk (18S 24W)'","1","progression","Area","7461"
"'Area: Ocean Chunk (18S 22W)'","1","progression","Area","7462"
"'Area: Ocean Chunk (18S 20W)'","1","progression","Area","7463"
"'Area: Ocean Chunk (18S 18W)'","1","progression","Area","7464"
"'Area: Ocean Chunk (18S 16W)'","1","progression","Area","7465"
"'Area: Ocean Chunk (18S 14W)'","1","progression","Area","7466"
"'Area: Ocean Chunk (18S 12W)'","1","progression","Area","7467"
"'Area: Ocean Chunk (18S 10W)'","1","progression","Area","7468"
"'Area: Ocean Chunk (18S 8W)'","1","progression","Area","7469"
"'Area: Vatrachos Island'","1","progression","Area","7470"
"'Area: Ocean Chunk (18S 4W)'","1","progression","Area","7471"
"'Area: Colosseum Rear Dock'","1","progression","Area","7472"
"'Area: Ocean Chunk (18S 0E)'","1","progression","Area","7473"
"'Area: Ocean Chunk (18S 2E)'","1","progression","Area","7474"
"'Area: Port Roberts'","1","progression","Area","7475"
"'Area: Ocean Chunk (18S 6E)'","1","progression","Area","7476"
"'Area: Chinchompa Island'","1","progression","Area","7477"
"'Area: East Hosidius Shore'","1","progression","Area","7478"
"'Area: East Sand Crabs'","1","progression","Area","7479"
"'Area: Ocean Chunk (18S 14E)'","1","progression","Area","7480"
"'Area: Ocean Chunk (18S 16E)'","1","progression","Area","7481"
"'Area: Ocean Chunk (18S 18E)'","1","progression","Area","7482"
"'Area: Ocean Chunk (18S 20E)'","1","progression","Area","7483"
"'Area: Ocean Chunk (18S 24E)'","1","progression","Area","7485"
"'Area: Ocean Chunk (18S 26E)'","1","progression","Area","7486"
"'Area: Ocean Chunk (18S 28E)'","1","progression","Area","7487"
"'Area: Ocean Chunk (18S 30E)'","1","progression","Area","7488"
"'Area: Ocean Chunk (18S 32E)'","1","progression","Area","7489"
"'Area: Ocean Chunk (16S 34W)'","1","progression","Area","7712"
"'Area: Ocean Chunk (16S 32W)'","1","progression","Area","7713"
"'Area: Ocean Chunk (16S 30W)'","1","progression","Area","7714"
"'Area: Ocean Chunk (16S 28W)'","1","progression","Area","7715"
"'Area: Ocean Chunk (16S 26W)'","1","progression","Area","7716"
"'Area: Ocean Chunk (16S 24W)'","1","progression","Area","7717"
"'Area: Ocean Chunk (16S 22W)'","1","progression","Area","7718"
"'Area: Ocean Chunk (16S 20W)'","1","progression","Area","7719"
"'Area: Ocean Chunk (16S 18W)'","1","progression","Area","7720"
"'Area: Ocean Chunk (16S 16W)'","1","progression","Area","7721"
"'Area: Ocean Chunk (16S 14W)'","1","progression","Area","7722"
"'Area: Deepfin Point'","1","progression","Area","7723"
"'Area: Ocean Chunk (16S 10W)'","1","progression","Area","7724"
"'Area: Ocean Chunk (16S 8W)'","1","progression","Area","7725"
"'Area: Ocean Chunk (16S 6W)'","1","progression","Area","7726"
"'Area: Ocean Chunk (16S 4W)'","1","progression","Area","7727"
"'Area: Minotaurs\' Rest'","1","progression","Area","7728"
"'Area: Ocean Chunk (16S 0E)'","1","progression","Area","7729"
"'Area: Ocean Chunk (16S 2E)'","1","progression","Area","7730"
"'Area: Ocean Chunk (16S 4E)'","1","progression","Area","7731"
"'Area: Ocean Chunk (16S 6E)'","1","progression","Area","7732"
"'Area: Ocean Chunk (16S 8E)'","1","progression","Area","7733"
"'Area: Ocean Chunk (16S 10E)'","1","progression","Area","7734"
"'Area: Ocean Chunk (16S 12E)'","1","progression","Area","7735"
"'Area: Ocean Chunk (16S 14E)'","1","progression","Area","7736"
"'Area: Ocean Chunk (16S 16E)'","1","progression","Area","7737"
"'Area: Ocean Chunk (16S 18E)'","1","progression","Area","7738"
"'Area: Ocean Chunk (16S 20E)'","1","progression","Area","7739"
"'Area: Ocean Chunk (16S 22E)'","1","progression","Area","7740"
"'Area: Ocean Chunk (16S 24E)'","1","progression","Area","7741"
"'Area: Ocean Chunk (16S 26E)'","1","progression","Area","7742"
"'Area: Brittle Isle'","1","progression","Area","7743"
"'Area: Ocean Chunk (16S 30E)'","1","progression","Area","7744"
"'Area: Ocean Chunk (16S 32E)'","1","progression","Area","7745"
"'Area: Ocean Chunk (14S 34W)'","1","progression","Area","7968"
"'Area: Ocean Chunk (14S 32W)'","1","progression","Area","7969"
"'Area: Ocean Chunk (14S 30W)'","1","progression","Area","7970"
"'Area: Ocean Chunk (14S 28W)'","1","progression","Area","7971"
"'Area: Ocean Chunk (14S 26W)'","1","progression","Area","7972"
"'Area: Ocean Chunk (14S 24W)'","1","progression","Area","7973"
"'Area: Ocean Chunk (14S 22W)'","1","progression","Area","7974"
"'Area: Ocean Chunk (14S 20W)'","1","progression","Area","7975"
"'Area: Ocean Chunk (14S 18W)'","1","progression","Area","7976"
"'Area: Ocean Chunk (14S 16W)'","1","progression","Area","7977"
"'Area: Ocean Chunk (14S 14W)'","1","progression","Area","7978"
"'Area: Ocean Chunk (14S 12W)'","1","progression","Area","7979"
"'Area: Ocean Chunk (14S 10W)'","1","progression","Area","7980"
"'Area: Ocean Chunk (14S 8W)'","1","progression","Area","7981"
"'Area: Ocean Chunk (14S 6W)'","1","progression","Area","7982"
"'Area: Ocean Chunk (14S 4W)'","1","progression","Area","7983"
"'Area: Ocean Chunk (14S 2W)'","1","progression","Area","7984"
"'Area: Ocean Chunk (14S 0E)'","1","progression","Area","7985"
"'Area: Ocean Chunk (14S 2E)'","1","progression","Area","7986"
"'Area: Ocean Chunk (14S 4E)'","1","progression","Area","7987"
"'Area: Ocean Chunk (14S 6E)'","1","progression","Area","7988"
"'Area: Ocean Chunk (14S 8E)'","1","progression","Area","7989"
"'Area: Ocean Chunk (14S 10E)'","1","progression","Area","7990"
"'Area: Ocean Chunk (14S 12E)'","1","progression","Area","7991"
"'Area: Ocean Chunk (14S 14E)'","1","progression","Area","7992"
"'Area: Ocean Chunk (14S 16E)'","1","progression","Area","7993"
"'Area: Ocean Chunk (14S 18E)'","1","progression","Area","7994"
"'Area: Ocean Chunk (14S 20E)'","1","progression","Area","7995"
"'Area: Ocean Chunk (14S 22E)'","1","progression","Area","7996"
"'Area: Ocean Chunk (14S 24E)'","1","progression","Area","7997"
"'Area: Ocean Chunk (14S 26E)'","1","progression","Area","7998"
"'Area: Ocean Chunk (14S 28E)'","1","progression","Area","7999"
"'Area: Ocean Chunk (14S 30E)'","1","progression","Area","8000"
"'Area: Ocean Chunk (14S 32E)'","1","progression","Area","8001"
"'Area: Ocean Chunk (12S 34W)'","1","progression","Area","8224"
"'Area: Ocean Chunk (12S 32W)'","1","progression","Area","8225"
"'Area: Ocean Chunk (12S 30W)'","1","progression","Area","8226"
"'Area: Ocean Chunk (12S 28W)'","1","progression","Area","8227"
"'Area: Ocean Chunk (12S 26W)'","1","progression","Area","8228"
"'Area: Ocean Chunk (12S 24W)'","1","progression","Area","8229"
"'Area: Ocean Chunk (12S 22W)'","1","progression","Area","8230"
"'Area: Ocean Chunk (12S 20W)'","1","progression","Area","8231"
"'Area: Wintumber Island'","1","progression","Area","8232"
"'Area: Ocean Chunk (12S 16W)'","1","progression","Area","8233"
"'Area: Shipyard'","1","progression","Area","8234"
"'Area: Ocean Chunk (12S 12W)'","1","progression","Area","8235"
"'Area: Southwest Soul Isle'","1","progression","Area","8236"
"'Area: West Soul Isle'","1","progression","Area","8237"
"'Area: Northwest Soul Isle'","1","progression","Area","8238"
"'Area: Ocean Chunk (12S 4W)'","1","progression","Area","8239"
"'Area: Ocean Chunk (12S 2W)'","1","progression","Area","8240"
"'Area: Lledrith Island'","1","progression","Area","8241"
"'Area: Ocean Chunk (12S 2E)'","1","progression","Area","8242"
"'Area: Ocean Chunk (12S 4E)'","1","progression","Area","8243"
"'Area: Ocean Chunk (12S 6E)'","1","progression","Area","8244"
"'Area: Ocean Chunk (12S 8E)'","1","progression","Area","8245"
"'Area: Ocean Chunk (12S 10E)'","1","progression","Area","8246"
"'Area: Ocean Chunk (12S 12E)'","1","progression","Area","8247"
"'Area: Ocean Chunk (12S 14E)'","1","progression","Area","8248"
"'Area: Buccaneers\' Haven'","1","progression","Area","8249"
"'Area: Ocean Chunk (12S 18E)'","1","progression","Area","8250"
"'Area: Ocean Chunk (12S 20E)'","1","progression","Area","8251"
"'Area: South Moonclan'","1","progression","Area","8252"
"'Area: North Moonclan'","1","progression","Area","8253"
"'Area: Ocean Chunk (12S 26E)'","1","progression","Area","8254"
"'Area: Ocean Chunk (12S 28E)'","1","progression","Area","8255"
"'Area: Ocean Chunk (12S 30E)'","1","progression","Area","8256"
"'Area: Ocean Chunk (12S 32E)'","1","progression","Area","8257"
"'Area: Ocean Chunk (10S 34W)'","1","progression","Area","8480"
"'Area: Ocean Chunk (10S 32W)'","1","progression","Area","8481"
"'Area: Ocean Chunk (10S 30W)'","1","progression","Area","8482"
"'Area: Ocean Chunk (10S 28W)'","1","progression","Area","8483"
"'Area: Ocean Chunk (10S 26W)'","1","progression","Area","8484"
"'Area: Ocean Chunk (10S 24W)'","1","progression","Area","8485"
"'Area: Ocean Chunk (10S 22W)'","1","progression","Area","8486"
"'Area: Ocean Chunk (10S 20W)'","1","progression","Area","8487"
"'Area: Ocean Chunk (10S 18W)'","1","progression","Area","8488"
"'Area: Ocean Chunk (10S 16W)'","1","progression","Area","8489"
"'Area: Ocean Chunk (10S 14W)'","1","progression","Area","8490"
"'Area: Isle Pottery Base'","1","progression","Area","8491"
"'Area: South Isle Hunter'","1","progression","Area","8492"
"'Area: Blue Base'","1","progression","Area","8493"
"'Area: Crumbling Tower'","1","progression","Area","8494"
"'Area: Zul-Andra Entrance'","1","progression","Area","8495"
"'Area: Port Tyras'","1","progression","Area","8496"
"'Area: West Tyras Camp'","1","progression","Area","8497"
"'Area: West Iorwerth Camp'","1","progression","Area","8498"
"'Area: Prifddinas Shore'","1","progression","Area","8499"
"'Area: Prifddinas Harbour'","1","progression","Area","8500"
"'Area: Mynydd'","1","progression","Area","8501"
"'Area: Ocean Chunk (10S 10E)'","1","progression","Area","8502"
"'Area: Drumstick Isle'","1","progression","Area","8503"
"'Area: Ocean Chunk (10S 14E)'","1","progression","Area","8504"
"'Area: Ocean Chunk (10S 16E)'","1","progression","Area","8505"
"'Area: Ocean Chunk (10S 18E)'","1","progression","Area","8506"
"'Area: Ocean Chunk (10S 20E)'","1","progression","Area","8507"
"'Area: Astral Altar'","1","progression","Area","8508"
"'Area: Lunar Mine Entrance'","1","progression","Area","8509"
"'Area: Ocean Chunk (10S 26E)'","1","progression","Area","8510"
"'Area: Ocean Chunk (10S 28E)'","1","progression","Area","8511"
"'Area: Ocean Chunk (10S 30E)'","1","progression","Area","8512"
"'Area: Ocean Chunk (10S 32E)'","1","progression","Area","8513"
"'Area: Ocean Chunk (8S 34W)'","1","progression","Area","8736"
"'Area: Ocean Chunk (8S 32W)'","1","progression","Area","8737"
"'Area: Ocean Chunk (8S 30W)'","1","progression","Area","8738"
"'Area: Ocean Chunk (8S 28W)'","1","progression","Area","8739"
"'Area: Sunbleak Island'","1","progression","Area","8740"
"'Area: Ocean Chunk (8S 24W)'","1","progression","Area","8741"
"'Area: Ocean Chunk (8S 22W)'","1","progression","Area","8742"
"'Area: Ocean Chunk (8S 20W)'","1","progression","Area","8743"
"'Area: Ocean Chunk (8S 18W)'","1","progression","Area","8744"
"'Area: Ocean Chunk (8S 16W)'","1","progression","Area","8745"
"'Area: Ocean Chunk (8S 14W)'","1","progression","Area","8746"
"'Area: Soul Isle Mine'","1","progression","Area","8747"
"'Area: Soul Wars Lobby'","1","progression","Area","8748"
"'Area: Soul Obelisk'","1","progression","Area","8749"
"'Area: North Isle Hunter'","1","progression","Area","8750"
"'Area: Zul-Andra'","1","progression","Area","8751"
"'Area: West Poison Waste'","1","progression","Area","8752"
"'Area: Tyras Camp'","1","progression","Area","8753"
"'Area: Iorwerth Camp'","1","progression","Area","8754"
"'Area: Ithell & Iorwerth'","1","progression","Area","8755"
"'Area: Amlodd & Hefin'","1","progression","Area","8756"
"'Area: Gwenith'","1","progression","Area","8757"
"'Area: Ynysdail'","1","progression","Area","8758"
"'Area: Ocean Chunk (8S 12E)'","1","progression","Area","8759"
"'Area: Ocean Chunk (8S 14E)'","1","progression","Area","8760"
"'Area: Ocean Chunk (8S 16E)'","1","progression","Area","8761"
"'Area: Ocean Chunk (8S 18E)'","1","progression","Area","8762"
"'Area: Pirates\' Cove'","1","progression","Area","8763"
"'Area: Ocean Chunk (8S 22E)'","1","progression","Area","8764"
"'Area: Ocean Chunk (8S 24E)'","1","progression","Area","8765"
"'Area: Ocean Chunk (8S 26E)'","1","progression","Area","8766"
"'Area: Ocean Chunk (8S 28E)'","1","progression","Area","8767"
"'Area: Ocean Chunk (8S 30E)'","1","progression","Area","8768"
"'Area: Ocean Chunk (8S 32E)'","1","progression","Area","8769"
"'Area: Ocean Chunk (6S 34W)'","1","progression","Area","8992"
"'Area: Ocean Chunk (6S 32W)'","1","progression","Area","8993"
"'Area: Ocean Chunk (6S 30W)'","1","progression","Area","8994"
"'Area: Ocean Chunk (6S 28W)'","1","progression","Area","8995"
"'Area: Ocean Chunk (6S 26W)'","1","progression","Area","8996"
"'Area: Ocean Chunk (6S 24W)'","1","progression","Area","8997"
"'Area: Ocean Chunk (6S 22W)'","1","progression","Area","8998"
"'Area: Ocean Chunk (6S 20W)'","1","progression","Area","8999"
"'Area: Ocean Chunk (6S 18W)'","1","progression","Area","9000"
"'Area: Ocean Chunk (6S 16W)'","1","progression","Area","9001"
"'Area: Ocean Chunk (6S 14W)'","1","progression","Area","9002"
"'Area: Soul Isle Crabs'","1","progression","Area","9003"
"'Area: Soul Isle Beach'","1","progression","Area","9004"
"'Area: Red Base'","1","progression","Area","9005"
"'Area: Pyrefiend Pit'","1","progression","Area","9006"
"'Area: Zulrah\'s Shrine'","1","progression","Area","9007"
"'Area: East Poison Waste'","1","progression","Area","9008"
"'Area: South Isafdar'","1","progression","Area","9009"
"'Area: North Isafdar'","1","progression","Area","9010"
"'Area: Cadarn & Trahaearn'","1","progression","Area","9011"
"'Area: Crwys & Meilyr'","1","progression","Area","9012"
"'Area: Gorlah'","1","progression","Area","9013"
"'Area: West Eagles\' Peak'","1","progression","Area","9014"
"'Area: West Piscatoris'","1","progression","Area","9015"
"'Area: Kraken Cove Entrance'","1","progression","Area","9016"
"'Area: Ocean Chunk (6S 16E)'","1","progression","Area","9017"
"'Area: Ocean Chunk (6S 18E)'","1","progression","Area","9018"
"'Area: Ocean Chunk (6S 20E)'","1","progression","Area","9019"
"'Area: Ocean Chunk (6S 22E)'","1","progression","Area","9020"
"'Area: Ocean Chunk (6S 24E)'","1","progression","Area","9021"
"'Area: Ocean Chunk (6S 26E)'","1","progression","Area","9022"
"'Area: Ungael'","1","progression","Area","9023"
"'Area: Ocean Chunk (6S 30E)'","1","progression","Area","9024"
"'Area: Ocean Chunk (6S 32E)'","1","progression","Area","9025"
"'Area: Ocean Chunk (4S 34W)'","1","progression","Area","9248"
"'Area: Ocean Chunk (4S 32W)'","1","progression","Area","9249"
"'Area: Ocean Chunk (4S 30W)'","1","progression","Area","9250"
"'Area: Rainbow\'s End'","1","progression","Area","9251"
"'Area: Ocean Chunk (4S 26W)'","1","progression","Area","9252"
"'Area: Ocean Chunk (4S 24W)'","1","progression","Area","9253"
"'Area: Ocean Chunk (4S 22W)'","1","progression","Area","9254"
"'Area: Ocean Chunk (4S 20W)'","1","progression","Area","9255"
"'Area: Ocean Chunk (4S 18W)'","1","progression","Area","9256"
"'Area: Ocean Chunk (4S 16W)'","1","progression","Area","9257"
"'Area: Ocean Chunk (4S 14W)'","1","progression","Area","9258"
"'Area: Tear of the Soul'","1","progression","Area","9259"
"'Area: Southeast Soul Isle'","1","progression","Area","9260"
"'Area: Soul Isle Dungeon'","1","progression","Area","9261"
"'Area: Northeast Soul Isle'","1","progression","Area","9262"
"'Area: Dougne Delta'","1","progression","Area","9263"
"'Area: Dougne River'","1","progression","Area","9264"
"'Area: Lletya'","1","progression","Area","9265"
"'Area: South Arandar'","1","progression","Area","9266"
"'Area: Arandar'","1","progression","Area","9267"
"'Area: Southwest Stronghold Passage'","1","progression","Area","9268"
"'Area: West Stronghold Passage'","1","progression","Area","9269"
"'Area: Eagles\' Peak'","1","progression","Area","9270"
"'Area: Piscatoris Woodland'","1","progression","Area","9271"
"'Area: Piscatoris Mine'","1","progression","Area","9272"
"'Area: Fishing Colony'","1","progression","Area","9273"
"'Area: Neitiznot Dock'","1","progression","Area","9274"
"'Area: Neitiznot'","1","progression","Area","9275"
"'Area: West Ice Trolls'","1","progression","Area","9276"
"'Area: Ocean Chunk (4S 24E)'","1","progression","Area","9277"
"'Area: Ocean Chunk (4S 26E)'","1","progression","Area","9278"
"'Area: Ocean Chunk (4S 28E)'","1","progression","Area","9279"
"'Area: Ocean Chunk (4S 30E)'","1","progression","Area","9280"
"'Area: Ocean Chunk (4S 32E)'","1","progression","Area","9281"
"'Area: Ocean Chunk (2S 34W)'","1","progression","Area","9504"
"'Area: Ocean Chunk (2S 32W)'","1","progression","Area","9505"
"'Area: Ocean Chunk (2S 30W)'","1","progression","Area","9506"
"'Area: Ocean Chunk (2S 28W)'","1","progression","Area","9507"
"'Area: Ocean Chunk (2S 26W)'","1","progression","Area","9508"
"'Area: Ocean Chunk (2S 24W)'","1","progression","Area","9509"
"'Area: Ocean Chunk (2S 22W)'","1","progression","Area","9510"
"'Area: Ocean Chunk (2S 20W)'","1","progression","Area","9511"
"'Area: Ocean Chunk (2S 18W)'","1","progression","Area","9512"
"'Area: Ocean Chunk (2S 16W)'","1","progression","Area","9513"
"'Area: Ocean Chunk (2S 14W)'","1","progression","Area","9514"
"'Area: Ocean Chunk (2S 12W)'","1","progression","Area","9515"
"'Area: Ocean Chunk (2S 10W)'","1","progression","Area","9516"
"'Area: Ocean Chunk (2S 8W)'","1","progression","Area","9517"
"'Area: Ocean Chunk (2S 6W)'","1","progression","Area","9518"
"'Area: Jiggig Swamp'","1","progression","Area","9519"
"'Area: Castle Wars'","1","progression","Area","9520"
"'Area: Observatory Trees'","1","progression","Area","9521"
"'Area: Arandar Mountain'","1","progression","Area","9523"
"'Area: Arandar Gate'","1","progression","Area","9524"
"'Area: Brimstail\'s Cave Entrance'","1","progression","Area","9525"
"'Area: Gnome Ball Field'","1","progression","Area","9526"
"'Area: River Delta'","1","progression","Area","9527"
"'Area: Falconry Area'","1","progression","Area","9528"
"'Area: Ocean Chunk (2S 16E)'","1","progression","Area","9529"
"'Area: Ocean Chunk (2S 18E)'","1","progression","Area","9530"
"'Area: Jatizso'","1","progression","Area","9531"
"'Area: East Ice Trolls'","1","progression","Area","9532"
"'Area: Ocean Chunk (2S 24E)'","1","progression","Area","9533"
"'Area: Ocean Chunk (2S 26E)'","1","progression","Area","9534"
"'Area: Ocean Chunk (2S 28E)'","1","progression","Area","9535"
"'Area: Ocean Chunk (2S 30E)'","1","progression","Area","9536"
"'Area: Ocean Chunk (2S 32E)'","1","progression","Area","9537"
"'Area: Ocean Chunk (0N 34W)'","1","progression","Area","9760"
"'Area: Ocean Chunk (0N 32W)'","1","progression","Area","9761"
"'Area: Ocean Chunk (0N 30W)'","1","progression","Area","9762"
"'Area: Ocean Chunk (0N 28W)'","1","progression","Area","9763"
"'Area: Ocean Chunk (0N 26W)'","1","progression","Area","9764"
"'Area: Ocean Chunk (0N 24W)'","1","progression","Area","9765"
"'Area: Ocean Chunk (0N 22W)'","1","progression","Area","9766"
"'Area: Ocean Chunk (0N 20W)'","1","progression","Area","9767"
"'Area: Ocean Chunk (0N 18W)'","1","progression","Area","9768"
"'Area: Ocean Chunk (0N 16W)'","1","progression","Area","9769"
"'Area: Anglers\' Retreat'","1","progression","Area","9770"
"'Area: Ocean Chunk (0N 12W)'","1","progression","Area","9771"
"'Area: Myths\' Guild'","1","progression","Area","9772"
"'Area: Corsair Resource Area'","1","progression","Area","9773"
"'Area: West Feldip Coast'","1","progression","Area","9774"
"'Area: Jiggig'","1","progression","Area","9775"
"'Area: Castle Wars Lobby'","1","progression","Area","9776"
"'Area: Observatory'","1","progression","Area","9777"
"'Area: Ourania Altar'","1","progression","Area","9778"
"'Area: Underground Pass Entrance'","1","progression","Area","9779"
"'Area: Jorral\'s Outpost'","1","progression","Area","9780"
"'Area: Tree Gnome Stronghold'","1","progression","Area","9781"
"'Area: Grand Tree'","1","progression","Area","9782"
"'Area: Crash Site Cavern'","1","progression","Area","9783"
"'Area: Ocean Chunk (0N 14E)'","1","progression","Area","9784"
"'Area: Ocean Chunk (0N 16E)'","1","progression","Area","9785"
"'Area: Ocean Chunk (0N 18E)'","1","progression","Area","9786"
"'Area: Ocean Chunk (0N 20E)'","1","progression","Area","9787"
"'Area: Ocean Chunk (0N 22E)'","1","progression","Area","9788"
"'Area: Ocean Chunk (0N 24E)'","1","progression","Area","9789"
"'Area: Island of Stone'","1","progression","Area","9790"
"'Area: Ocean Chunk (0N 28E)'","1","progression","Area","9791"
"'Area: Ocean Chunk (0N 30E)'","1","progression","Area","9792"
"'Area: Ocean Chunk (0N 32E)'","1","progression","Area","9793"
"'Area: Ocean Chunk (2N 34W)'","1","progression","Area","10016"
"'Area: Ocean Chunk (2N 32W)'","1","progression","Area","10017"
"'Area: Ocean Chunk (2N 30W)'","1","progression","Area","10018"
"'Area: Ocean Chunk (2N 28W)'","1","progression","Area","10019"
"'Area: Ocean Chunk (2N 26W)'","1","progression","Area","10020"
"'Area: Ocean Chunk (2N 24W)'","1","progression","Area","10021"
"'Area: Ocean Chunk (2N 22W)'","1","progression","Area","10022"
"'Area: Isle of Bones'","1","progression","Area","10023"
"'Area: Ocean Chunk (2N 18W)'","1","progression","Area","10024"
"'Area: Ocean Chunk (2N 16W)'","1","progression","Area","10025"
"'Area: Ocean Chunk (2N 14W)'","1","progression","Area","10026"
"'Area: Ocean Chunk (2N 12W)'","1","progression","Area","10027"
"'Area: Corsair South Shore'","1","progression","Area","10028"
"'Area: Feldip Hunter Area'","1","progression","Area","10029"
"'Area: West Feldip Hills'","1","progression","Area","10030"
"'Area: Gu\'Tanoth'","1","progression","Area","10031"
"'Area: West Yanille'","1","progression","Area","10032"
"'Area: Tree Gnome Village'","1","progression","Area","10033"
"'Area: Khazard Battlefield'","1","progression","Area","10034"
"'Area: West Ardougne'","1","progression","Area","10035"
"'Area: Combat Training Camp'","1","progression","Area","10036"
"'Area: Glarial\'s Tomb'","1","progression","Area","10037"
"'Area: Baxtorian Falls'","1","progression","Area","10038"
"'Area: Barbarian Outpost'","1","progression","Area","10039"
"'Area: Lighthouse'","1","progression","Area","10040"
"'Area: Ocean Chunk (2N 16E)'","1","progression","Area","10041"
"'Area: Waterbirth Island'","1","progression","Area","10042"
"'Area: Southern Miscellania Tip'","1","progression","Area","10043"
"'Area: Miscellania'","1","progression","Area","10044"
"'Area: Ocean Chunk (2N 24E)'","1","progression","Area","10045"
"'Area: Ocean Chunk (2N 26E)'","1","progression","Area","10046"
"'Area: Ocean Chunk (2N 28E)'","1","progression","Area","10047"
"'Area: Ocean Chunk (2N 30E)'","1","progression","Area","10048"
"'Area: Ocean Chunk (2N 32E)'","1","progression","Area","10049"
"'Area: Ocean Chunk (4N 34W)'","1","progression","Area","10272"
"'Area: Ocean Chunk (4N 32W)'","1","progression","Area","10273"
"'Area: Ocean Chunk (4N 30W)'","1","progression","Area","10274"
"'Area: Ocean Chunk (4N 28W)'","1","progression","Area","10275"
"'Area: Ocean Chunk (4N 26W)'","1","progression","Area","10276"
"'Area: Ocean Chunk (4N 24W)'","1","progression","Area","10277"
"'Area: Ocean Chunk (4N 22W)'","1","progression","Area","10278"
"'Area: Ocean Chunk (4N 20W)'","1","progression","Area","10279"
"'Area: Ocean Chunk (4N 18W)'","1","progression","Area","10280"
"'Area: Ocean Chunk (4N 16W)'","1","progression","Area","10281"
"'Area: Ocean Chunk (4N 14W)'","1","progression","Area","10282"
"'Area: Ocean Chunk (4N 12W)'","1","progression","Area","10283"
"'Area: Corsair Cove'","1","progression","Area","10284"
"'Area: East Feldip Shore'","1","progression","Area","10285"
"'Area: East Feldip Hills'","1","progression","Area","10286"
"'Area: Gu\'Tanoth Island'","1","progression","Area","10287"
"'Area: East Yanille'","1","progression","Area","10288"
"'Area: Fight Arena'","1","progression","Area","10289"
"'Area: Ardougne Monastery'","1","progression","Area","10290"
"'Area: Ardougne Castle'","1","progression","Area","10291"
"'Area: Chaos Druid Tower'","1","progression","Area","10292"
"'Area: Fishing Guild'","1","progression","Area","10293"
"'Area: Coal Truck Mine'","1","progression","Area","10294"
"'Area: Lighthouse Bridge'","1","progression","Area","10296"
"'Area: West Rellekka'","1","progression","Area","10297"
"'Area: Ocean Chunk (4N 18E)'","1","progression","Area","10298"
"'Area: Ocean Chunk (4N 20E)'","1","progression","Area","10299"
"'Area: Etceteria'","1","progression","Area","10300"
"'Area: Ocean Chunk (4N 24E)'","1","progression","Area","10301"
"'Area: Ocean Chunk (4N 26E)'","1","progression","Area","10302"
"'Area: Ocean Chunk (4N 28E)'","1","progression","Area","10303"
"'Area: Ocean Chunk (4N 30E)'","1","progression","Area","10304"
"'Area: Ocean Chunk (4N 32E)'","1","progression","Area","10305"
"'Area: Ocean Chunk (6N 34W)'","1","progression","Area","10528"
"'Area: Ocean Chunk (6N 32W)'","1","progression","Area","10529"
"'Area: Ocean Chunk (6N 30W)'","1","progression","Area","10530"
"'Area: Ocean Chunk (6N 28W)'","1","progression","Area","10531"
"'Area: Ocean Chunk (6N 26W)'","1","progression","Area","10532"
"'Area: Charred Island'","1","progression","Area","10533"
"'Area: Ocean Chunk (6N 22W)'","1","progression","Area","10534"
"'Area: Ocean Chunk (6N 20W)'","1","progression","Area","10535"
"'Area: Pest Control'","1","progression","Area","10536"
"'Area: Void Knights\' Outpost'","1","progression","Area","10537"
"'Area: Ocean Chunk (6N 14W)'","1","progression","Area","10538"
"'Area: Ocean Chunk (6N 12W)'","1","progression","Area","10539"
"'Area: Ocean Chunk (6N 10W)'","1","progression","Area","10540"
"'Area: Ocean Chunk (6N 8W)'","1","progression","Area","10541"
"'Area: Rantz\' Cave'","1","progression","Area","10542"
"'Area: North Rantz Penninsula'","1","progression","Area","10543"
"'Area: Hazelmere\'s Island'","1","progression","Area","10544"
"'Area: Port Khazard'","1","progression","Area","10545"
"'Area: Tower of Life'","1","progression","Area","10546"
"'Area: Ardougne Market'","1","progression","Area","10547"
"'Area: Ardougne Farm'","1","progression","Area","10548"
"'Area: Hemenster'","1","progression","Area","10549"
"'Area: McGrubor\'s Wood'","1","progression","Area","10550"
"'Area: Fremennik Road'","1","progression","Area","10551"
"'Area: Fremennik Province'","1","progression","Area","10552"
"'Area: Rellekka'","1","progression","Area","10553"
"'Area: Rellekka Rocks'","1","progression","Area","10554"
"'Area: Ocean Chunk (6N 20E)'","1","progression","Area","10555"
"'Area: Eastern Etceteria Tip'","1","progression","Area","10556"
"'Area: Ocean Chunk (6N 24E)'","1","progression","Area","10557"
"'Area: South Iceberg'","1","progression","Area","10558"
"'Area: North Iceberg'","1","progression","Area","10559"
"'Area: Ocean Chunk (6N 30E)'","1","progression","Area","10560"
"'Area: Ocean Chunk (6N 32E)'","1","progression","Area","10561"
"'Area: Ocean Chunk (8N 34W)'","1","progression","Area","10784"
"'Area: Ocean Chunk (8N 32W)'","1","progression","Area","10785"
"'Area: Ocean Chunk (8N 30W)'","1","progression","Area","10786"
"'Area: Ocean Chunk (8N 28W)'","1","progression","Area","10787"
"'Area: Ocean Chunk (8N 26W)'","1","progression","Area","10788"
"'Area: Ocean Chunk (8N 24W)'","1","progression","Area","10789"
"'Area: Ocean Chunk (8N 22W)'","1","progression","Area","10790"
"'Area: Ocean Chunk (8N 20W)'","1","progression","Area","10791"
"'Area: Ocean Chunk (8N 18W)'","1","progression","Area","10792"
"'Area: Ocean Chunk (8N 16W)'","1","progression","Area","10793"
"'Area: West Ape Atoll'","1","progression","Area","10794"
"'Area: Marim Entrance'","1","progression","Area","10795"
"'Area: Ocean Chunk (8N 10W)'","1","progression","Area","10796"
"'Area: Ocean Chunk (8N 8W)'","1","progression","Area","10797"
"'Area: Cairn Isle Gangplank'","1","progression","Area","10798"
"'Area: Ocean Chunk (8N 4W)'","1","progression","Area","10799"
"'Area: Ocean Chunk (8N 2W)'","1","progression","Area","10800"
"'Area: Brimhaven Dungeon Entrance'","1","progression","Area","10801"
"'Area: Horseshoe Mine'","1","progression","Area","10802"
"'Area: Witchaven'","1","progression","Area","10803"
"'Area: Legends\' Guild'","1","progression","Area","10804"
"'Area: Sorcerer\'s Tower'","1","progression","Area","10805"
"'Area: Seers\' Village'","1","progression","Area","10806"
"'Area: Sinclair Mansion'","1","progression","Area","10807"
"'Area: Fremennik Forest'","1","progression","Area","10808"
"'Area: Fremennik Mine'","1","progression","Area","10809"
"'Area: Rellekka Peninsula'","1","progression","Area","10810"
"'Area: Rellekka Hunter Area'","1","progression","Area","10811"
"'Area: Ocean Chunk (8N 22E)'","1","progression","Area","10812"
"'Area: Ocean Chunk (8N 24E)'","1","progression","Area","10813"
"'Area: Ocean Chunk (8N 26E)'","1","progression","Area","10814"
"'Area: Ocean Chunk (8N 28E)'","1","progression","Area","10815"
"'Area: Ocean Chunk (8N 30E)'","1","progression","Area","10816"
"'Area: Ocean Chunk (8N 32E)'","1","progression","Area","10817"
"'Area: Ocean Chunk (10N 34W)'","1","progression","Area","11040"
"'Area: Ocean Chunk (10N 32W)'","1","progression","Area","11041"
"'Area: Ocean Chunk (10N 30W)'","1","progression","Area","11042"
"'Area: Ocean Chunk (10N 28W)'","1","progression","Area","11043"
"'Area: Ocean Chunk (10N 26W)'","1","progression","Area","11044"
"'Area: Ocean Chunk (10N 24W)'","1","progression","Area","11045"
"'Area: Ocean Chunk (10N 22W)'","1","progression","Area","11046"
"'Area: Red Rock'","1","progression","Area","11047"
"'Area: Ocean Chunk (10N 18W)'","1","progression","Area","11048"
"'Area: Ocean Chunk (10N 16W)'","1","progression","Area","11049"
"'Area: East Ape Atoll'","1","progression","Area","11050"
"'Area: Marim'","1","progression","Area","11051"
"'Area: Ocean Chunk (10N 10W)'","1","progression","Area","11052"
"'Area: West Kharazi Jungle'","1","progression","Area","11053"
"'Area: Cairn Isle'","1","progression","Area","11054"
"'Area: South Tai Bwo Wannai'","1","progression","Area","11055"
"'Area: North Tai Bwo Wannai'","1","progression","Area","11056"
"'Area: Brimhaven'","1","progression","Area","11057"
"'Area: North Brimhaven'","1","progression","Area","11058"
"'Area: Fishing Platform'","1","progression","Area","11059"
"'Area: West Entrana'","1","progression","Area","11060"
"'Area: West Catherby'","1","progression","Area","11061"
"'Area: Camelot'","1","progression","Area","11062"
"'Area: Sinclair Lake'","1","progression","Area","11063"
"'Area: Golden Apple Tree'","1","progression","Area","11064"
"'Area: Mountain Camp'","1","progression","Area","11065"
"'Area: Mountain Slope South'","1","progression","Area","11066"
"'Area: Mountain Slope North'","1","progression","Area","11067"
"'Area: Trollweiss Mountain'","1","progression","Area","11068"
"'Area: Ocean Chunk (10N 24E)'","1","progression","Area","11069"
"'Area: Ocean Chunk (10N 26E)'","1","progression","Area","11070"
"'Area: Ocean Chunk (10N 28E)'","1","progression","Area","11071"
"'Area: Ocean Chunk (10N 30E)'","1","progression","Area","11072"
"'Area: Ocean Chunk (10N 32E)'","1","progression","Area","11073"
"'Area: Ocean Chunk (12N 34W)'","1","progression","Area","11296"
"'Area: Ocean Chunk (12N 32W)'","1","progression","Area","11297"
"'Area: Ocean Chunk (12N 30W)'","1","progression","Area","11298"
"'Area: Ocean Chunk (12N 28W)'","1","progression","Area","11299"
"'Area: Last Light'","1","progression","Area","11300"
"'Area: Ocean Chunk (12N 24W)'","1","progression","Area","11301"
"'Area: Ocean Chunk (12N 22W)'","1","progression","Area","11302"
"'Area: Ocean Chunk (12N 20W)'","1","progression","Area","11303"
"'Area: Ocean Chunk (12N 18W)'","1","progression","Area","11304"
"'Area: Ocean Chunk (12N 16W)'","1","progression","Area","11305"
"'Area: Ocean Chunk (12N 14W)'","1","progression","Area","11306"
"'Area: Ocean Chunk (12N 12W)'","1","progression","Area","11307"
"'Area: Ocean Chunk (12N 10W)'","1","progression","Area","11308"
"'Area: Central Kharazi Jungle'","1","progression","Area","11309"
"'Area: Shilo Village'","1","progression","Area","11310"
"'Area: Karamja Jungle Mine'","1","progression","Area","11311"
"'Area: Jogre Coast'","1","progression","Area","11312"
"'Area: Karamja Volcano'","1","progression","Area","11313"
"'Area: South Crandor'","1","progression","Area","11314"
"'Area: North Crandor'","1","progression","Area","11315"
"'Area: Entrana'","1","progression","Area","11316"
"'Area: East Catherby'","1","progression","Area","11317"
"'Area: White Wolf Mountain'","1","progression","Area","11318"
"'Area: Warriors\' Guild'","1","progression","Area","11319"
"'Area: Death Plateau'","1","progression","Area","11320"
"'Area: Troll Stronghold'","1","progression","Area","11321"
"'Area: Ice Gate'","1","progression","Area","11322"
"'Area: Ice Path'","1","progression","Area","11323"
"'Area: Zemouregal\'s Fortress'","1","progression","Area","11324"
"'Area: Weiss'","1","progression","Area","11325"
"'Area: North Weiss Shore'","1","progression","Area","11326"
"'Area: Ocean Chunk (12N 28E)'","1","progression","Area","11327"
"'Area: Ocean Chunk (12N 30E)'","1","progression","Area","11328"
"'Area: Ocean Chunk (12N 32E)'","1","progression","Area","11329"
"'Area: Ocean Chunk (14N 34W)'","1","progression","Area","11552"
"'Area: Ocean Chunk (14N 32W)'","1","progression","Area","11553"
"'Area: Ocean Chunk (14N 30W)'","1","progression","Area","11554"
"'Area: Ocean Chunk (14N 28W)'","1","progression","Area","11555"
"'Area: Ocean Chunk (14N 26W)'","1","progression","Area","11556"
"'Area: Ocean Chunk (14N 24W)'","1","progression","Area","11557"
"'Area: Ocean Chunk (14N 22W)'","1","progression","Area","11558"
"'Area: Ocean Chunk (14N 20W)'","1","progression","Area","11559"
"'Area: Ocean Chunk (14N 18W)'","1","progression","Area","11560"
"'Area: Ocean Chunk (14N 16W)'","1","progression","Area","11561"
"'Area: Crash Island'","1","progression","Area","11562"
"'Area: Ocean Chunk (14N 12W)'","1","progression","Area","11563"
"'Area: Rock Island Prison'","1","progression","Area","11564"
"'Area: East Kharazi Jungle'","1","progression","Area","11565"
"'Area: Ah Za Rhoon'","1","progression","Area","11566"
"'Area: Karamja River'","1","progression","Area","11567"
"'Area: Karambwan Shore'","1","progression","Area","11568"
"'Area: Musa Point'","1","progression","Area","11569"
"'Area: Melzar\'s Maze'","1","progression","Area","11570"
"'Area: Crafting Guild'","1","progression","Area","11571"
"'Area: Falador West Wall'","1","progression","Area","11572"
"'Area: South Taverley'","1","progression","Area","11573"
"'Area: North Taverley'","1","progression","Area","11574"
"'Area: Burthorpe'","1","progression","Area","11575"
"'Area: Troll Arena'","1","progression","Area","11576"
"'Area: Trollheim'","1","progression","Area","11577"
"'Area: God Wars Dungeon'","1","progression","Area","11578"
"'Area: Lucien\'s Camp'","1","progression","Area","11579"
"'Area: Ghorrock Fortress'","1","progression","Area","11581"
"'Area: Ocean Chunk (14N 26E)'","1","progression","Area","11582"
"'Area: Grimstone'","1","progression","Area","11583"
"'Area: Ocean Chunk (14N 30E)'","1","progression","Area","11584"
"'Area: Ocean Chunk (14N 32E)'","1","progression","Area","11585"
"'Area: Ocean Chunk (16N 34W)'","1","progression","Area","11808"
"'Area: Ocean Chunk (16N 32W)'","1","progression","Area","11809"
"'Area: Ocean Chunk (16N 30W)'","1","progression","Area","11810"
"'Area: The Onyx Crest'","1","progression","Area","11811"
"'Area: Ocean Chunk (16N 26W)'","1","progression","Area","11812"
"'Area: Ocean Chunk (16N 24W)'","1","progression","Area","11813"
"'Area: Ocean Chunk (16N 22W)'","1","progression","Area","11814"
"'Area: Ocean Chunk (16N 20W)'","1","progression","Area","11815"
"'Area: Remote Island'","1","progression","Area","11816"
"'Area: Ocean Chunk (16N 16W)'","1","progression","Area","11817"
"'Area: Ocean Chunk (16N 14W)'","1","progression","Area","11818"
"'Area: Ocean Chunk (16N 12W)'","1","progression","Area","11819"
"'Area: Ocean Chunk (16N 10W)'","1","progression","Area","11820"
"'Area: Kharazi East Coast'","1","progression","Area","11821"
"'Area: Gandius\' Glider'","1","progression","Area","11822"
"'Area: Ship Yard'","1","progression","Area","11823"
"'Area: Mudskipper Point'","1","progression","Area","11824"
"'Area: Port Sarim Church'","1","progression","Area","11825"
"'Area: Rimmington'","1","progression","Area","11826"
"'Area: Falador South Wall'","1","progression","Area","11827"
"'Area: West Falador'","1","progression","Area","11828"
"'Area: Falador North Gate'","1","progression","Area","11829"
"'Area: Goblin Village'","1","progression","Area","11830"
"'Area: West Wildy Ditch'","1","progression","Area","11831"
"'Area: West Green Dragons'","1","progression","Area","11832"
"'Area: Dareeyak Ruins'","1","progression","Area","11833"
"'Area: Forgotten Cemetery'","1","progression","Area","11834"
"'Area: Chaos Altar'","1","progression","Area","11835"
"'Area: Western Obelisk'","1","progression","Area","11836"
"'Area: Frozen Waste Plateau'","1","progression","Area","11837"
"'Area: Ocean Chunk (16N 26E)'","1","progression","Area","11838"
"'Area: Ocean Chunk (16N 28E)'","1","progression","Area","11839"
"'Area: Ocean Chunk (16N 30E)'","1","progression","Area","11840"
"'Area: Ocean Chunk (18N 34W)'","1","progression","Area","12064"
"'Area: Ocean Chunk (18N 32W)'","1","progression","Area","12065"
"'Area: Ocean Chunk (18N 30W)'","1","progression","Area","12066"
"'Area: Ocean Chunk (18N 28W)'","1","progression","Area","12067"
"'Area: Ocean Chunk (18N 26W)'","1","progression","Area","12068"
"'Area: Ocean Chunk (18N 24W)'","1","progression","Area","12069"
"'Area: Ocean Chunk (18N 22W)'","1","progression","Area","12070"
"'Area: Ocean Chunk (18N 20W)'","1","progression","Area","12071"
"'Area: Ocean Chunk (18N 18W)'","1","progression","Area","12072"
"'Area: Dognose Island'","1","progression","Area","12073"
"'Area: Ocean Chunk (18N 14W)'","1","progression","Area","12074"
"'Area: Ocean Chunk (18N 12W)'","1","progression","Area","12075"
"'Area: Tempoross Arena'","1","progression","Area","12076"
"'Area: Ocean Chunk (18N 8W)'","1","progression","Area","12077"
"'Area: The Pandemonium'","1","progression","Area","12078"
"'Area: Ocean Chunk (18N 4W)'","1","progression","Area","12079"
"'Area: Ocean Chunk (18N 2W)'","1","progression","Area","12080"
"'Area: Port Sarim Jail'","1","progression","Area","12081"
"'Area: Port Sarim'","1","progression","Area","12082"
"'Area: Falador Farm'","1","progression","Area","12083"
"'Area: East Falador'","1","progression","Area","12084"
"'Area: Asgarnian Road'","1","progression","Area","12085"
"'Area: Edgeville Monastery'","1","progression","Area","12086"
"'Area: Monastery Ditch'","1","progression","Area","12087"
"'Area: Dark Warriors\' Fort'","1","progression","Area","12088"
"'Area: Wilderness Bandit Camp'","1","progression","Area","12089"
"'Area: North Bandit\'s Cliff'","1","progression","Area","12090"
"'Area: Lava Maze Entrance'","1","progression","Area","12091"
"'Area: West Lava Maze'","1","progression","Area","12092"
"'Area: Pirates\' Hideout'","1","progression","Area","12093"
"'Area: Ocean Chunk (20N 34W)'","1","progression","Area","12320"
"'Area: Ocean Chunk (20N 32W)'","1","progression","Area","12321"
"'Area: Ocean Chunk (20N 30W)'","1","progression","Area","12322"
"'Area: Ocean Chunk (20N 28W)'","1","progression","Area","12323"
"'Area: Ocean Chunk (20N 26W)'","1","progression","Area","12324"
"'Area: West Summer Shore'","1","progression","Area","12325"
"'Area: Western Great Conch'","1","progression","Area","12326"
"'Area: Abalone cliffs'","1","progression","Area","12327"
"'Area: Ocean Chunk (20N 18W)'","1","progression","Area","12328"
"'Area: Ocean Chunk (20N 16W)'","1","progression","Area","12329"
"'Area: Ocean Chunk (20N 14W)'","1","progression","Area","12330"
"'Area: Ocean Chunk (20N 12W)'","1","progression","Area","12331"
"'Area: Sea Spirit Boat'","1","progression","Area","12332"
"'Area: Ocean Chunk (20N 8W)'","1","progression","Area","12333"
"'Area: Ocean Chunk (20N 6W)'","1","progression","Area","12334"
"'Area: Ocean Chunk (20N 4W)'","1","progression","Area","12335"
"'Area: Wizards\' Tower'","1","progression","Area","12337"
"'Area: South Draynor'","1","progression","Area","12338"
"'Area: North Draynor'","1","progression","Area","12339"
"'Area: Draynor Manor'","1","progression","Area","12340"
"'Area: Barbarian Village'","1","progression","Area","12341"
"'Area: Edgeville'","1","progression","Area","12342"
"'Area: Edgeville Ditch'","1","progression","Area","12343"
"'Area: West Ferox Enclave'","1","progression","Area","12344"
"'Area: Hunter\'s End Entrance'","1","progression","Area","12345"
"'Area: Bandit Camp Mine'","1","progression","Area","12346"
"'Area: South Maze Dragons'","1","progression","Area","12347"
"'Area: East Lava Maze'","1","progression","Area","12348"
"'Area: Mage Arena'","1","progression","Area","12349"
"'Area: Ocean Chunk (22N 34W)'","1","progression","Area","12576"
"'Area: Ocean Chunk (22N 32W)'","1","progression","Area","12577"
"'Area: Ocean Chunk (22N 30W)'","1","progression","Area","12578"
"'Area: Ocean Chunk (22N 28W)'","1","progression","Area","12579"
"'Area: Summer Shore Boat'","1","progression","Area","12580"
"'Area: The Summer Shore'","1","progression","Area","12581"
"'Area: Sacred Grove West'","1","progression","Area","12582"
"'Area: Great Conch Mine'","1","progression","Area","12583"
"'Area: Ocean Chunk (22N 18W)'","1","progression","Area","12584"
"'Area: Ocean Chunk (22N 16W)'","1","progression","Area","12585"
"'Area: Ocean Chunk (22N 14W)'","1","progression","Area","12586"
"'Area: Menaphos West Gate'","1","progression","Area","12587"
"'Area: Ruins of Unkah'","1","progression","Area","12588"
"'Area: Desert Quarry'","1","progression","Area","12589"
"'Area: Desert Bandit Camp'","1","progression","Area","12590"
"'Area: Bedabin Camp'","1","progression","Area","12591"
"'Area: Ocean Chunk (22N 2W)'","1","progression","Area","12592"
"'Area: West Lumbridge Swamp'","1","progression","Area","12593"
"'Area: Lumbridge Castle Backyard'","1","progression","Area","12594"
"'Area: Lumbridge Mill'","1","progression","Area","12595"
"'Area: Champions\' Guild'","1","progression","Area","12596"
"'Area: West Varrock'","1","progression","Area","12597"
"'Area: Grand Exchange'","1","progression","Area","12598"
"'Area: Center Wildy Ditch'","1","progression","Area","12599"
"'Area: East Ferox Enclave'","1","progression","Area","12600"
"'Area: Graveyard of Shadows'","1","progression","Area","12601"
"'Area: Eastern Ruins'","1","progression","Area","12602"
"'Area: Wilderness Pond'","1","progression","Area","12603"
"'Area: Center North Wildy'","1","progression","Area","12604"
"'Area: Deserted Keep'","1","progression","Area","12605"
"'Area: Ocean Chunk (24N 34W)'","1","progression","Area","12832"
"'Area: Ocean Chunk (24N 32W)'","1","progression","Area","12833"
"'Area: Ocean Chunk (24N 30W)'","1","progression","Area","12834"
"'Area: Ocean Chunk (24N 28W)'","1","progression","Area","12835"
"'Area: Cape Conch Mine'","1","progression","Area","12836"
"'Area: Great Conch River'","1","progression","Area","12837"
"'Area: Sacred Grove East'","1","progression","Area","12838"
"'Area: Conch Northeast Shore'","1","progression","Area","12839"
"'Area: Ocean Chunk (24N 18W)'","1","progression","Area","12840"
"'Area: Ocean Chunk (24N 16W)'","1","progression","Area","12841"
"'Area: Ocean Chunk (24N 14W)'","1","progression","Area","12842"
"'Area: Menaphos'","1","progression","Area","12843"
"'Area: Menaphos Desert'","1","progression","Area","12844"
"'Area: Jaldraocht Pyramid'","1","progression","Area","12845"
"'Area: Desert Wall'","1","progression","Area","12846"
"'Area: Rocky Desert'","1","progression","Area","12847"
"'Area: Kalphite Coast'","1","progression","Area","12848"
"'Area: East Lumbridge Swamp'","1","progression","Area","12849"
"'Area: Lumbridge Castle'","1","progression","Area","12850"
"'Area: Groats\' Farm'","1","progression","Area","12851"
"'Area: Varrock South Gate'","1","progression","Area","12852"
"'Area: Varrock Center/Square'","1","progression","Area","12853"
"'Area: Varrock Palace'","1","progression","Area","12854"
"'Area: Varrock Ditch'","1","progression","Area","12855"
"'Area: Chaos Temple'","1","progression","Area","12856"
"'Area: Chaos Temple Woods'","1","progression","Area","12857"
"'Area: Bone Yard'","1","progression","Area","12858"
"'Area: Vet\'ion\'s Rest Entrance'","1","progression","Area","12859"
"'Area: Lava Dragon Isle'","1","progression","Area","12860"
"'Area: Scorpion Pit'","1","progression","Area","12861"
"'Area: Ocean Chunk (26N 34W)'","1","progression","Area","13088"
"'Area: Ocean Chunk (26N 32W)'","1","progression","Area","13089"
"'Area: Ocean Chunk (26N 30W)'","1","progression","Area","13090"
"'Area: Ocean Chunk (26N 28W)'","1","progression","Area","13091"
"'Area: Cape Conch'","1","progression","Area","13092"
"'Area: Conch East Shore'","1","progression","Area","13093"
"'Area: Coral Nursery Dock'","1","progression","Area","13094"
"'Area: Ocean Chunk (26N 20W)'","1","progression","Area","13095"
"'Area: Ocean Chunk (26N 18W)'","1","progression","Area","13096"
"'Area: Ocean Chunk (26N 16W)'","1","progression","Area","13097"
"'Area: Necropolis West'","1","progression","Area","13098"
"'Area: Sophanem'","1","progression","Area","13099"
"'Area: Desert Wanderer'","1","progression","Area","13100"
"'Area: Elid South Bridge'","1","progression","Area","13101"
"'Area: Smoke Dungeon'","1","progression","Area","13102"
"'Area: Desert Mining Camp'","1","progression","Area","13103"
"'Area: Shantay Pass'","1","progression","Area","13104"
"'Area: Al Kharid Palace'","1","progression","Area","13105"
"'Area: North Al Kharid'","1","progression","Area","13106"
"'Area: Al Kharid Mine'","1","progression","Area","13107"
"'Area: East Varrock Mine'","1","progression","Area","13108"
"'Area: East Varrock Gate'","1","progression","Area","13109"
"'Area: Lumber Yard'","1","progression","Area","13110"
"'Area: Lumber Yard Ditch'","1","progression","Area","13111"
"'Area: Ent Forest'","1","progression","Area","13112"
"'Area: Boneyard Hunter Area'","1","progression","Area","13113"
"'Area: East Bone Yard'","1","progression","Area","13114"
"'Area: Silk Chasm Entrance'","1","progression","Area","13115"
"'Area: Demonic Ruins'","1","progression","Area","13116"
"'Area: Rogues\' Castle'","1","progression","Area","13117"
"'Area: Ocean Chunk (28N 34W)'","1","progression","Area","13344"
"'Area: Ocean Chunk (28N 32W)'","1","progression","Area","13345"
"'Area: The Little Pearl'","1","progression","Area","13346"
"'Area: Ocean Chunk (28N 28W)'","1","progression","Area","13347"
"'Area: Ocean Chunk (28N 26W)'","1","progression","Area","13348"
"'Area: Ocean Chunk (28N 24W)'","1","progression","Area","13349"
"'Area: Ocean Chunk (28N 22W)'","1","progression","Area","13350"
"'Area: Ocean Chunk (28N 20W)'","1","progression","Area","13351"
"'Area: Ocean Chunk (28N 18W)'","1","progression","Area","13352"
"'Area: Ocean Chunk (28N 16W)'","1","progression","Area","13353"
"'Area: Necropolis Main Temple'","1","progression","Area","13354"
"'Area: North Necropolis'","1","progression","Area","13355"
"'Area: Agility Pyramid'","1","progression","Area","13356"
"'Area: Deserted Cave'","1","progression","Area","13357"
"'Area: Pollnivneach'","1","progression","Area","13358"
"'Area: River Elid Central'","1","progression","Area","13359"
"'Area: Elid North Bridge'","1","progression","Area","13360"
"'Area: Desert Battlefield'","1","progression","Area","13361"
"'Area: PvP Arena'","1","progression","Area","13362"
"'Area: Mage Training Arena'","1","progression","Area","13363"
"'Area: Exam Centre'","1","progression","Area","13364"
"'Area: Digsite'","1","progression","Area","13365"
"'Area: Silvarea'","1","progression","Area","13366"
"'Area: South East Wildy'","1","progression","Area","13367"
"'Area: Zombie Pirate Shipwreck'","1","progression","Area","13368"
"'Area: East Green Dragons'","1","progression","Area","13369"
"'Area: East Wildy Shore'","1","progression","Area","13370"
"'Area: Wilderness Crabs'","1","progression","Area","13371"
"'Area: Fountain of Rune'","1","progression","Area","13372"
"'Area: Wilderness Volcano'","1","progression","Area","13373"
"'Area: Daimon\'s Crater Southwest'","1","progression","Area","13374"
"'Area: Daimon\'s Crater West'","1","progression","Area","13375"
"'Area: Daimon\'s Crater Northwest'","1","progression","Area","13376"
"'Area: Ocean Chunk (30N 34W)'","1","progression","Area","13600"
"'Area: Ocean Chunk (30N 32W)'","1","progression","Area","13601"
"'Area: Ocean Chunk (30N 30W)'","1","progression","Area","13602"
"'Area: Ocean Chunk (30N 28W)'","1","progression","Area","13603"
"'Area: Ocean Chunk (30N 26W)'","1","progression","Area","13604"
"'Area: Ocean Chunk (30N 24W)'","1","progression","Area","13605"
"'Area: Ocean Chunk (30N 22W)'","1","progression","Area","13606"
"'Area: Ocean Chunk (30N 20W)'","1","progression","Area","13607"
"'Area: Ullek Swamp'","1","progression","Area","13611"
"'Area: Ruins of Ullek'","1","progression","Area","13612"
"'Area: Nardah'","1","progression","Area","13613"
"'Area: Nardah Desert'","1","progression","Area","13614"
"'Area: Desert Lizards'","1","progression","Area","13615"
"'Area: Desert Hunter Area'","1","progression","Area","13616"
"'Area: Citharede Abbey'","1","progression","Area","13617"
"'Area: Abandoned Mine'","1","progression","Area","13618"
"'Area: Path to Mort\'ton'","1","progression","Area","13619"
"'Area: Nature Grotto'","1","progression","Area","13620"
"'Area: Mort Myre Swamp'","1","progression","Area","13621"
"'Area: Paterdomus'","1","progression","Area","13622"
"'Area: Slayer Tower'","1","progression","Area","13623"
"'Area: Daimon\'s Crater South'","1","progression","Area","13630"
"'Area: Daimon\'s Crater Center'","1","progression","Area","13631"
"'Area: Daimon\'s Crater North'","1","progression","Area","13632"
"'Area: East Nardah Coast'","1","progression","Area","13869"
"'Area: Ancient Vault Ruins'","1","progression","Area","13870"
"'Area: Uzer Oasis'","1","progression","Area","13871"
"'Area: Uzer'","1","progression","Area","13872"
"'Area: South Burgh de Rott'","1","progression","Area","13873"
"'Area: Burgh de Rott'","1","progression","Area","13874"
"'Area: Mort\'ton'","1","progression","Area","13875"
"'Area: Swamp Rowboat'","1","progression","Area","13876"
"'Area: Myreque Hideout'","1","progression","Area","13877"
"'Area: Canifis'","1","progression","Area","13878"
"'Area: Mausoleum'","1","progression","Area","13879"
"'Area: Daimon\'s Crater Southeast'","1","progression","Area","13886"
"'Area: Daimon\'s Crater East'","1","progression","Area","13887"
"'Area: Daimon\'s Crater Northeast'","1","progression","Area","13888"
"'Area: Burgh de Rott Pier'","1","progression","Area","14129"
"'Area: East Burgh de Rott'","1","progression","Area","14130"
"'Area: Barrows'","1","progression","Area","14131"
"'Area: Castle Drakan'","1","progression","Area","14132"
"'Area: Morytania Graveyard'","1","progression","Area","14133"
"'Area: West Haunted Woods'","1","progression","Area","14134"
"'Area: Fenkenstrain\'s Castle'","1","progression","Area","14135"
"'Area: Lithkren'","1","progression","Area","14142"
"'Area: Meiyerditch Wall'","1","progression","Area","14385"
"'Area: South Meiyerditch'","1","progression","Area","14386"
"'Area: North Meiyerditch'","1","progression","Area","14387"
"'Area: Darkmeyer'","1","progression","Area","14388"
"'Area: Haunted Woods Bridge'","1","progression","Area","14389"
"'Area: East Haunted Woods'","1","progression","Area","14390"
"'Area: Alice\'s Farm'","1","progression","Area","14391"
"'Area: Pirate Pier'","1","progression","Area","14637"
"'Area: Pirate Base'","1","progression","Area","14638"
"'Area: West Mos Le\'Harmless'","1","progression","Area","14639"
"'Area: Icyene Graveyard'","1","progression","Area","14641"
"'Area: Ver Sinhaza'","1","progression","Area","14642"
"'Area: Slepe Entrance'","1","progression","Area","14643"
"'Area: East Darkmeyer'","1","progression","Area","14644"
"'Area: Morytania Delta'","1","progression","Area","14645"
"'Area: Port Phasmatys'","1","progression","Area","14646"
"'Area: Ectofuntus'","1","progression","Area","14647"
"'Area: Deranged archaeologist'","1","progression","Area","14649"
"'Area: Tar Swamp'","1","progression","Area","14650"
"'Area: Swamp Border'","1","progression","Area","14651"
"'Area: Mushroom Forest'","1","progression","Area","14652"
"'Area: Mos Le\'Harmless Cove'","1","progression","Area","14894"
"'Area: Mid Mos Le\'Harmless'","1","progression","Area","14895"
"'Area: Ver Sinhaza Shore'","1","progression","Area","14898"
"'Area: Slepe'","1","progression","Area","14899"
"'Area: Crombwick Manor'","1","progression","Area","14900"
"'Area: North Slepe Shore'","1","progression","Area","14901"
"'Area: School Boat'","1","progression","Area","14902"
"'Area: Verdant Valley'","1","progression","Area","14906"
"'Area: Museum Camp'","1","progression","Area","14907"
"'Area: House on the Hill'","1","progression","Area","14908"
"'Area: Harmony Island'","1","progression","Area","15148"
"'Area: Trouble Brewing'","1","progression","Area","15150"
"'Area: Trouble Brewing Lobby'","1","progression","Area","15151"
"'Area: Dragontooth Island'","1","progression","Area","15159"
"'Area: South Volcano'","1","progression","Area","15162"
"'Area: Fossil Island Volcano'","1","progression","Area","15163"
"'Area: Strange Stone'","1","progression","Area","15164"
"'Area: East Mos Le\'Harmless Shore'","1","progression","Area","15406"
"'Area: Northeast Mos Le\'Harmless Shore'","1","progression","Area","15407"
"Tear of Guthix","0","progression","Bingo",""
